Datetime,Water Level (m)
2025-04-14 12:00:00,0.63712764
2025-04-14 13:00:00,0.36081398
2025-04-14 14:00:00,0.13063928
2025-04-14 15:00:00,-0.07913836
2025-04-14 16:00:00,-0.292365
2025-04-14 17:00:00,-0.47051206
2025-04-14 18:00:00,-0.55425906
2025-04-14 19:00:00,-0.2236933
2025-04-14 20:00:00,0.13123865
2025-04-14 21:00:00,0.5018571
2025-04-14 22:00:00,0.7377033
2025-04-14 23:00:00,0.77570707
2025-04-15 00:00:00,0.5779039
2025-04-15 01:00:00,0.30258507
2025-04-15 02:00:00,0.077224635
2025-04-15 03:00:00,-0.13007273
2025-04-15 04:00:00,-0.34483266
2025-04-15 05:00:00,-0.51880103
2025-04-15 06:00:00,-0.6277197
2025-04-15 07:00:00,-0.2949807
2025-04-15 08:00:00,0.11078022
2025-04-15 09:00:00,0.5355643
2025-04-15 10:00:00,0.865666
2025-04-15 11:00:00,1.0117276
2025-04-15 12:00:00,0.90286165
2025-04-15 13:00:00,0.6159361
2025-04-15 14:00:00,0.34919724
2025-04-15 15:00:00,0.124732375
2025-04-15 16:00:00,-0.09683805
2025-04-15 17:00:00,-0.3115687
2025-04-15 18:00:00,-0.46575168
2025-04-15 19:00:00,-0.44358006
2025-04-15 20:00:00,-0.0102877
2025-04-15 21:00:00,0.32420674
2025-04-15 22:00:00,0.63733065
2025-04-15 23:00:00,0.73625255
2025-04-16 00:00:00,0.6621237
2025-04-16 01:00:00,0.399564
2025-04-16 02:00:00,0.16703685
2025-04-16 03:00:00,-0.040706534
2025-04-16 04:00:00,-0.24568577
2025-04-16 05:00:00,-0.43385458
2025-04-16 06:00:00,-0.5728452
2025-04-16 07:00:00,-0.52805644
2025-04-16 08:00:00,-0.062566504
2025-04-16 09:00:00,0.33524773
2025-04-16 10:00:00,0.7463995
2025-04-16 11:00:00,0.9732769
2025-04-16 12:00:00,1.016609
2025-04-16 13:00:00,0.76370347
2025-04-16 14:00:00,0.4794828
2025-04-16 15:00:00,0.2337614
2025-04-16 16:00:00,0.017417347
2025-04-16 17:00:00,-0.19656458
2025-04-16 18:00:00,-0.3824104
2025-04-16 19:00:00,-0.4845182
2025-04-16 20:00:00,-0.23131917
2025-04-16 21:00:00,0.103830904
2025-04-16 22:00:00,0.4277155
2025-04-16 23:00:00,0.63013256
2025-04-17 00:00:00,0.66333055
2025-04-17 01:00:00,0.49927947
2025-04-17 02:00:00,0.25106657
2025-04-17 03:00:00,0.037652064
2025-04-17 04:00:00,-0.15593126
2025-04-17 05:00:00,-0.34820056
2025-04-17 06:00:00,-0.49906912
2025-04-17 07:00:00,-0.5749203
2025-04-17 08:00:00,-0.24781792
2025-04-17 09:00:00,0.123785034
2025-04-17 10:00:00,0.516557
2025-04-17 11:00:00,0.8323611
2025-04-17 12:00:00,1.0005374
2025-04-17 13:00:00,0.9111476
2025-04-17 14:00:00,0.6307193
2025-04-17 15:00:00,0.37511292
2025-04-17 16:00:00,0.15744297
2025-04-17 17:00:00,-0.053546745
2025-04-17 18:00:00,-0.25216708
2025-04-17 19:00:00,-0.3892468
2025-04-17 20:00:00,-0.38359895
2025-04-17 21:00:00,-0.10196518
2025-04-17 22:00:00,0.19565755
2025-04-17 23:00:00,0.45762512
2025-04-18 00:00:00,0.56247526
2025-04-18 01:00:00,0.5227259
2025-04-18 02:00:00,0.32169572
2025-04-18 03:00:00,0.11079716
2025-04-18 04:00:00,-0.079567224
2025-04-18 05:00:00,-0.25695705
2025-04-18 06:00:00,-0.4197076
2025-04-18 07:00:00,-0.5408399
2025-04-18 08:00:00,-0.44096342
2025-04-18 09:00:00,-0.050605517
2025-04-18 10:00:00,0.31343907
2025-04-18 11:00:00,0.6844447
2025-04-18 12:00:00,0.90687525
2025-04-18 13:00:00,0.967108
2025-04-18 14:00:00,0.7578914
2025-04-18 15:00:00,0.49132878
2025-04-18 16:00:00,0.2680438
2025-04-18 17:00:00,0.07660071
2025-04-18 18:00:00,-0.12491254
2025-04-18 19:00:00,-0.287549
2025-04-18 20:00:00,-0.36049256
2025-04-18 21:00:00,-0.24174796
2025-04-18 22:00:00,-0.0046837837
2025-04-18 23:00:00,0.28133398
2025-04-19 00:00:00,0.5046861
2025-04-19 01:00:00,0.585006
2025-04-19 02:00:00,0.50451577
2025-04-19 03:00:00,0.2890597
2025-04-19 04:00:00,0.0779715
2025-04-19 05:00:00,-0.104631074
2025-04-19 06:00:00,-0.27623525
2025-04-19 07:00:00,-0.4222598
2025-04-19 08:00:00,-0.5063334
2025-04-19 09:00:00,-0.34121865
2025-04-19 10:00:00,-0.027472613
2025-04-19 11:00:00,0.309359
2025-04-19 12:00:00,0.623547
2025-04-19 13:00:00,0.8244082
2025-04-19 14:00:00,0.86416525
2025-04-19 15:00:00,0.6895523
2025-04-19 16:00:00,0.4508182
2025-04-19 17:00:00,0.24272545
2025-04-19 18:00:00,0.057673782
2025-04-19 19:00:00,-0.12783776
2025-04-19 20:00:00,-0.27409774
2025-04-19 21:00:00,-0.32841456
2025-04-19 22:00:00,-0.21695559
2025-04-19 23:00:00,0.001878098
2025-04-20 00:00:00,0.23756668
2025-04-20 01:00:00,0.41008052
2025-04-20 02:00:00,0.4751127
2025-04-20 03:00:00,0.41789457
2025-04-20 04:00:00,0.23857038
2025-04-20 05:00:00,0.053820346
2025-04-20 06:00:00,-0.1083236
2025-04-20 07:00:00,-0.25923613
2025-04-20 08:00:00,-0.37985563
2025-04-20 09:00:00,-0.41266805
2025-04-20 10:00:00,-0.21671279
2025-04-20 11:00:00,0.043902446
2025-04-20 12:00:00,0.34526816
